Asset No.,Department,Capitalization Date,QTY,Overall QTY,BUn,Asset description,Other Identifiers,,Status,Corrective Action Taken                                                                              ,
3394,Electrical,5/31/2015,1,1,SET,"PYROMETER, PYROSPOT DG-54N (ELE)",Installed in S102 BC,,Operational In Good Condition,,
2393,Electrical,10/31/1986,1,1,PC,Bench Vise Grip,Found Operational@ ELE Overhauling Shop,,Operational In Good Condition,,
2392,Electrical,12/3/1986,1,1,PC,Electric Grinder,Found Operational @ ELE Overhauling Shop S/N: N570015,,Operational In Good Condition,,
2385,Electrical,9/2/1988,1,1,PC,Meter VSWR Power SW-200/2000,Found Operational@ ELE Instru Shop. S/N: 7101022,,Operational In Good Condition,,
2388,Electrical,9/2/1988,2,2,PC,Oscilloscope Tpye LBD-518 100MHZ * 1 item Damaged,Found @ ELE Instru Shop;  S/N 8050163 = OPERATIONAL.  S/N 8050160 = DAMAGED,,Operational In Good Condition,,
2383,Electrical,11/26/1988,4,4,PC,Crimping Tools MH-11/83-001 *1 item Not Found (Unverified),"3 out of 4 Found - operational; 1 pc - Brand: Izumi (small size); 1 pc - Brand: Greenlee (medium size), 2010 ; 1 pc - Brand: Rong Yunn (large size), old",,Operational In Good Condition,,
2379,Electrical,12/31/1988,1,1,PC,SPM Bearing Analyzer BEA-52,Found - operational but replaced with Asset 3949; S/N 725032. Department retains this as spare tool,,Operational Spare Unit,,
2377,Electrical,7/31/1989,1,1,PC,Plier Retaining Ring 150mm w/ 7 tip,Found - operational; Brand: Knipex,,Operational In Good Condition,,
2376,Electrical,5/18/1991,2,2,PC,Threader Pipe 1/8 to 1 cap,Found - operational; Brand: Ridgid (1 pc 1/8 CAP and 1 pc 1 CAP),,Operational In Good Condition,,
2370,Electrical,2/4/1993,1,1,PC,Benders Hydraulic Pipe Izume CAT,"Found @ ELE Tool Room, Brand: Izumi",,Operational In Good Condition,,
2371,Electrical,2/4/1993,1,1,PC,Hydraulic Hand Crimping Tool,Found Operational @ELE OPN Shop,,Operational In Good Condition,,
2365,Electrical,1/15/1996,1,1,PC,"Heater,SKF Bearing Induction","Found@ Overhauling Shop Operational; S/N: 166000, TIH060",,Operational In Good Condition,,
2270,Electrical,5/31/2000,1,1,un,Resistance Decadence Box,Found @ ELE Instru Shop Operational; S/N: 00519N,,Operational In Good Condition,,
2359,Electrical,5/31/2000,1,1,un,Resistance Decadence Box,Not tagged,,Operational In Good Condition,,
2358,Electrical,7/6/2000,1,1,PC,Digital Tachometer,Not tagged,,Operational In Good Condition,,
2334,Electrical,1/26/2006,1,1,PC,Portable Grease gun battery operated,Found - Operational; Brand: Makita; S/N: BL180B,,Operational In Good Condition,,
2989,Electrical,2/1/2013,1,1,SET,"OIL TESTER, PORTABLE, DIELECTRIC, BA80 (ELE)",Found - Operational with slight damage (For repair LCD replacement),,Operational In Good Condition,,
3270,Electrical,9/30/2014,1,1,UN,"MILLIAMP (mA)  PROCESS CLAMP METER, FLUKE 771 (ELE)",Found - Operational,,Operational In Good Condition,,
3271,Electrical,9/30/2014,1,1,UN,"MILLIAMP (mA)  PROCESS CLAMP METER, FLUKE 771 (ELE)",Found - Operational; S/N: 27410032,,Operational In Good Condition,,
3949,Electrical,1/31/2020,1,1,UN,SKF MICROLOG ANALYZER GXCMXA75-F-K-SL; CAPEX200235,Found - operational; S/N: 1901625; with Laptop (with issue regarding software) Brand/S/N: HP Probook/ SCD9230JVT,,Operational In Good Condition,,
4154,Electrical,10/31/2022,1,1,PC,COMMUNICATOR; BRAIN TERMINAL BT200-N00 YOKOGAWA,Found - operational but obsolete item. Department retains this as spare tool.,,Operational Spare Unit,,
4207,Electrical,4/30/2023,1,1,PC,INFRARED SENSOR; FLUKE THERMALERT 4.0 PYROMETER,Found - operational. Used as reference instrument during calibration,,Operational In Good Condition,,
4295,Electrical,12/31/2023,1,1,PC,"VACUUM CALIBRATION PUMP, BEAMEX PGV (ELE)","Found - operational; 3 pcs per set, 1 pc multicalibrator, 1 pc vacuum calibration pump, 1pc beamex PGV",,Operational In Good Condition,,
3672,Electrical,6/30/2017,1,1,UN,MULTIFUNCTION CA150 CALIBRATOR – BRAND: YOKOGAWA,Found - operational but with power supply issue,,Operational In Good Condition,,
2396,Electrical,8/16/1986,1,1,PC,Frequency Counter LDL-824S,Found @ ELE Instru. Operational. S/N : 5080202 (LDC 824 Digital Counter),,Operational In Good Condition,,
2389,Electrical,1/20/1988,1,1,PC,Tester Initiator 2/EX-PN-0719,Found Operational. (Brand : Pepperl + Fuchs 6800 Mannheim),,Operational In Good Condition,,
2382,Electrical,11/26/1988,2,2,PC,"Hammer Rawhide Face 2-3/4,6-1/4",Found @ ELE Tool Room. Operational. Wooden Hammer,,Operational In Good Condition,,
2380,Electrical,12/31/1988,1,1,PC,Dual Trace Oscilloscope,Found Operational @ ELE Instru,,Operational In Good Condition,,
2372,Electrical,9/8/1992,1,1,PC,Hydraulic Puller 30T Cap Master,Found @ ELE Tool Room. Operational. Four (4) Pcs Set,,Operational In Good Condition,,
2369,Electrical,1/3/1994,1,1,PC,Portable Infrared Thermal Scanner,"Found Operational -Old Unit (Brand: Mikron M90-B, S/N:46979)",,Operational In Good Condition,,
2367,Electrical,6/19/1995,1,1,PC,"Utility Press Drill,15,Five-Speed","Found Operational @Overhauling Shop. Brand : TradeMark, S/N : 801586",,Operational In Good Condition,,
2363,Electrical,9/20/1996,1,1,PC,"Tester,Megger Insulation,500VDC",Found Operational @ ELE Office. (S/N : 101582473 - MIT 320),,Operational In Good Condition,,
2357,Electrical,7/31/2000,1,1,PC,Digital Multimeter Type 1906,"Found Operational @ ELE Instru. (Brand : Thandar Instruments ,S/N : 118991)",,Operational In Good Condition,,
2354,Electrical,8/18/2000,1,1,PC,Puller Combination 2-jaw,Found Operational @ ELE Tool Room. Three (3) Pcs. Set,,Operational In Good Condition,,
3235,Electrical,7/31/2014,1,1,UN,"DIGITAL CLAMP METER, DCM400 SERIES (ELE)",Found Operational @ ELE Office. (BRAND : SANWA),,Operational In Good Condition,,
3295,Electrical,11/30/2014,1,1,UN,"LASER DISTANCE METER, BRAND – FLUKE 414D (ELE)",Found Operational @ ELE Instru (BRAND : FLUKE),,Operational In Good Condition,,
3297,Electrical,11/30/2014,1,1,UN,"KNIPEX CRIMP TOOL, PART NO. 97 52 10 (ELE)",Found Operational @ ELE Instru (BRAND : KNIPEX) RG: 58/59/62/7,,Operational In Good Condition,,
3473,Electrical,9/30/2015,1,1,UN,AHD HYBRID CCTV TEST MONITOR (ELE),Found Operational @ELE Instru. (S/N : A15070-2K73P150713002),,Operational In Good Condition,,
3480,Electrical,10/31/2015,1,1,UN,"DRILL HAMMER, MODEL #HR 2020, BRAND-MAKITA (ELE)",Found Operational @ ELE Instru. (BRAND : MAKITA HR 2020-0322767),,Operational In Good Condition,,
3764,Electrical,5/31/2018,1,1,UN,"WEIGHING SCALE, SARTORIUS MIDRICS, CAP: 60KG","Found Operational @ ELE Instru. (BRAND : MINEBEA INTEC MIDRICS1, S/N : 36266414)",,Operational In Good Condition,,
2386,Electrical,9/2/1988,2,2,PC,Generator Swemar Type LSW-251 *1 item Not Found (Unverified),"1 pc - Found Operational. (Brand : Leader , S/N : 6010267), 1 PC For verification @ Receiving Station",,Operational In Good Condition,,
2344,Electrical,11/15/2006,1,1,SET,UL Transidyn (1-pc Electric Hoist 2-ton cap),Operational. Not TAGGED. Installed @ SINTER E/R 1ST FLR.,,Operational In Good Condition,,
2387,Electrical,9/2/1988,1,1,PC,Oscilloscope Dual 350MHZ VP 55358,Located @ Receiving station. Not tagged,,Operational In Good Condition,,
,Electrical,,,0,,,,,,,
2351,Electrical,,1,1,PC,Calipher Digital Stainless Steel,,,,,
2394,Electrical,,1,1,PC,Capacitance Tester 8DC Sanwa,,,,,
3109,Electrical,,1,1,UN,"METER, DIGITAL MULTI-METER (ELE)",,,,,
2398,Electrical,,1,1,PC,Set CIG Comet Cutting Tools,,,,,
2397,Electrical,,1,1,PC,Voltage Regulator,,,,,
2395,Electrical,,1,1,PC,Signal Injector,,,,,
2391,Electrical,,1,1,PC,Portable Voltage Recorder,,,,,
2390,Electrical,,1,1,PC,Elec. Blower 5HP 150V 95cm,,,,,
2384,Electrical,,1,1,PC,Desoldering & Resoldering Tools,,,,,
2381,Electrical,,1,1,PC,Digital voltmeter,,,,,
2378,Electrical,,1,1,PC,Portable High Current Test Set,,,,,
2375,Electrical,,1,1,PC,Digital Thermometer w/ Probe Kit,,,,,
2374,Electrical,,1,1,PC,Calibrator Portable w/ carrying,,,,,
2373,Electrical,,1,1,PC,Needle Scaler Pneumatic Type,,,,,
2368,Electrical,,2,2,PC,No.2-S Spiral Rachet Pipe Reamer,,,,,
2366,Electrical,,1,1,PC,"Wrench,Socket Set 3/8Sq.Drive",,,,,
2364,Electrical,,1,1,PC,"Collector/Analyzer,Data Microlog",,,,,
2360,Electrical,,1,1,PC,Portable Clamp-on Ultrasonic Flowmeter,,,,,
2355,Electrical,,1,1,pc,Digital Electronic Interchangeable,,,,,
2356,Electrical,,1,1,PC,Digital Barometer 6-line,,,,,
2353,Electrical,,1,1,PC,Puller Nail 17L,,,,,
2352,Electrical,,1,1,PC,Electronic Calipher Digital RS,,,,,
2399,Electrical,,0,0,,Addl Cost:Portable Digital Watt Meter,,,,,
2268,Electrical,,1,1,PC,Hole Saw Set Carbide,,,,,
2267,Electrical,,1,1,PC,"Dies, Rigid Pipe #65 R",,,,,
2265,Electrical,,1,1,PC,Portable Watt Meter Digital Type,,,,,
2289,Electrical,,0,0,,Addl Cost:Portable Digital Watt Meter,,,,,
2263,Electrical,,1,1,PC,Hole Saw Set Carbide,,,,,
2303,Electrical,,1,1,PC,Vibration Pen CRVP-50,,,,,
2939,Electrical,,1,1,PC,"DETECTOR, MULTI GAS, PORTABLE , MODEL:TETRA3 (ELE)",,,,,
2969,Electrical,,1,1,PC,"GRINDER, STRAIGHT, 6MM, MAKITA 906 (ELE)",,,,,
3107,Electrical,,1,1,UN,"METER, DIGITAL MULTI-METER (ELE)",,,,,
3108,Electrical,,1,1,UN,"METER, DIGITAL MULTI-METER (ELE)",,,,,
3236,Electrical,,1,1,UN,"DIGITAL CLAMP METER, DCM400 SERIES (ELE)",,,,,
3400,Electrical,,1,1,UN,"DIGITAL INSULATION TESTER, MODEL  IIT1601 (ELE)",,,,,
,,,,0,,,,,,,
3241,HR,7/31/2014,1,1,UN,"HAND DRYER, WALL MOUNTED (HRGA)","Brand : Alpha ( 220V, 880W)  Model: 6SQ88. OPERATIONAL for Cleaning. Tagged Updated",,Operational In Good Condition,,
3244,HR,7/31/2014,1,1,UN,LADDER ALUMINUM – 12 STEPS (HRGA),OPERATIONAL and in VERY GOOD Condition.  Tagged Updated.,,Operational In Good Condition,,
3390,HR,5/31/2015,1,1,UN,"HAND DRYER – AUTOMATIC, BRAND - ALPHA (HRGA)","Brand : Alpha ( 220V, 880W)  Model: 6SQ88. OPERATIONAL and VERY GOOD CONDITION  for Cleaning. Tagged Updated",,Operational In Good Condition,,
2875,HR,12/31/2011,1,1,PC,"SOLDERING STATION, 230V 80W","Brand : Weller PUD81 ( 50/60Hz, 95W )SN: 088 06/11 9242. OPERATIONAL and VERY GOOD CONDITION . Tagged Updated",,Operational In Good Condition,,
3324,HR,12/31/2014,3,3,UN,EXTENSION FIBERGLASS LADDER @ JSH – SURE STEP (HRGA),"Found. In GOOD Condition.  1 unit @ PSC STAFFHOUSE, 2 units found @ PSC Clubhouse",,Operational In Good Condition,,
3325,HR,12/31/2014,2,3,UN,JSH INSTALLATION OF  ELECTRONIC DOOR LOCK (HRGA) ,2 UNITS Found. In GOOD Condition (YALE Front and Back Door). ,,Operational In Good Condition,,
3379,HR,4/30/2015,1,1,UN,EMERGENCY ESCAPE LADDER @ JSH (HRGA),"4 UNITS FOUND. 1 DAMAGED unit @ Guest room, 2 Corroded UNITS @ Japanese Exec. Rooms, 1 Unit Not used and inside storage.",,Operational In Good Condition,,
2659,HR,6/30/1995,-,0,-,Add'l cost to Fire Fighting Equipt,FOUND. OPERATIONAL. ADMIN Fire Alarm System,,Operational In Good Condition,,
2660,HR,6/30/1995,1,1,PC,Fire Fighting Equipment,FOUND. OPERATIONAL. ADMIN Fire Alarm System,,Operational In Good Condition,,
2661,HR,6/30/1995,-,0,-,Add'l Cost to Fire Fighting Equipment,FOUND. OPERATIONAL. ADMIN Fire Alarm System,,Operational In Good Condition,,
2658,HR,6/30/1995,1,1,PC,Mini Oil-Water Separator at Uniflow,FOUND @ UNIFLOW,,Operational In Good Condition,,
2281,HR,6/30/2002,1,1,PC,Mini Oil-Water Separator at Uniflow,FOUND @ UNIFLOW,,Operational In Good Condition,,
2650,HR,,1,4,PC,Search Light TG-14 POST NO. 6,,,,,
2650,HR,,1,4,PC,Search Light TG-14- POST NO. 12,,,,,
3240,HR,,1,1,UN,"HAND DRYER, WALL MOUNTED (HRGA)",,,,,
3242,HR,,1,1,UN,"HAND DRYER, WALL MOUNTED (HRGA)",,,,,
2652,HR,,1,1,PC,Physical Fitness Equipment,,,,,
2654,HR,,1,1,SET,Physical Fitness Equipment,,,,,
2346,HR,,1,1,UN,"Mower, Lawn Briggs & Straton 3.5HP",,,,,
2347,HR,,1,1,UN,Floor Polisher Heavy Duty 16,,,,,
2301,HR,,2,2,PC,Calculator Desk Casio DR-120LB,,,,,
2331,HR,,1,1,PC,Glucometer (for Med.Clinic use),,,,,
3243,HR,,1,1,UN,"HAND DRYER, WALL MOUNTED (HRGA)",,,,,
2656,HR,,1,1,PC,"Firemen's Boots,Size:7 & 8",,,,,
2651,HR,,2,2,PC,"Grasscutter,M:TD40;#749002/749003;Air Cool",,,,,
2648,HR,,2,2,PC,Metal Detector (portable),,,,,
2304,HR,,1,1,PC,Grasscutter,,,,,
2345,HR,,1,1,UN,Grasscutter Model TD40 Air cooled,,,,,
2348,HR,,1,1,UN,Vaccuum Cleaner Heavy Duty,,,,,
2657,HR,,1,1,PC,Scale Weighing Bar type 150kg cap,,,,,
3325,HR,,1,3,UN,JSH INSTALLATION OF  ELECTRONIC DOOR LOCK (HRGA),,,,,
2650,HR,,2,4,PC,Search Light TG-14- POST NO. 10 & 11,,,,,
,,,,0,,,,,,,
2407,Laboratory,5/6/1986,1,1,PC,Electric Drill,Found Operational w/ Minor damage on wiring. Model/Brand: MAKITA,,Operational In Good Condition,,
2298,Laboratory,6/26/2003,1,1,PC,Noise Level Meter,OPERATIONAL. BRAND: EXTECH INSTRUMENT RS 232 S/N: 3039687,,Operational In Good Condition,,
3187,Laboratory,4/30/2014,1,1,UN,GLASS BODY REFILLABLE pH ELECTRODE (LAB),OPERATIONAL. GOOD CONDITION. BRAND: COLE PARMER S/N: 5991-36 APR15,,Operational In Good Condition,,
3496,Laboratory,4/1/2015,1,1,UN,SMALL EIRICH MIXER EQUIPMENT w/ TRANSFORMER (LAB),OPERATIONAL. GOOD CONDITION. LOCATION: SAMPLING HOUSE,,Operational In Good Condition,,
3494,Laboratory,4/1/2015,1,1,UN,REPLACEMENT OF TOP LOADING BALANCE (LAB),OPERATIONAL. GOOD CONDITION. BRAND: SARTORIUS BSA 22025 S/N: 31890315,,Operational In Good Condition,,
3809,Laboratory,12/31/2018,1,1,PC,ROTOR TOOL R082351200NJ01 FOR LAB HIGH SPEED MIXER,OPERATIONAL. GOOD CONDITION. LOCATION. SAMPLING HOUSE,,Operational In Good Condition,,
2293,Laboratory,,1,1,PC,De-ionized Water Apparatus Digital,,,,,
3179,Laboratory,,1,1,UN,GRASS CUTTER-MODEL NO TD40 (LAB),,,,,
2305,Laboratory,,1,1,PC,"Analyzer, Portable Combustion Gas",,,,,
2406,Laboratory,,1,1,PC,Dry Test Meter DP-5A-10 Cap,,,,,
2405,Laboratory,,1,1,PC,Elec. Analytical Balance AA250,,,,,
2404,Laboratory,,1,1,PC,"Water Tester DO,PH Temperature",,,,,
2403,Laboratory,,1,1,PC,"Cutter,Crushing,C.W.Alloy Hard",,,,,
2402,Laboratory,,1,1,PC,Electronic Spectrophotometer,,,,,
2401,Laboratory,,1,1,PC,Anemometer/Recorder Model KVS 320,,,,,
2400,Laboratory,,2,2,PC,Weighing Balance Platform,,,,,
2275,Laboratory,,1,1,PC,Jenco PH Meter Model 609KC,,,,,
2322,Laboratory,,2,2,PC,Portable Carbon Monoxide Gas Detector,,,,,
2310,Laboratory,,1,1,PC,Digi Sense Type:JTEKJ Thermocouple,,,,,
3075,Laboratory,,1,1,UN,"THERMOCOUPLE, THERMOMETER (LAB)",,,,,
3147,Laboratory,,1,1,UN,"SENSOR,RESISTANCE TEMPERATURE DETECTOR (RTD), ELE",,,,,
,,,,0,,,,,,,
2350,Mechanical,9/30/2008,1,1,SET,Installer Huck Bolt (Maintenance tools),Found Operational *Six (6) boxes with tools inside,,Operational In Good Condition,,
3070,Mechanical,6/30/2013,1,1,UN,"TOOLS,CALIPER, VERNIER, MITUTOYO, 300MM (MEC)",Found Operational. S/N:12200349,,Operational In Good Condition,,
3101,Mechanical,9/30/2013,1,1,UN,"MEASURING DEVICE-CALIPER, VERNIER, MITUTOYO (MECH)",Found Operational.   Size: 600MM,,Operational In Good Condition,,
3113,Mechanical,10/31/2013,1,1,SET,"GAUGE BORE, MITUTOYO BRAND (MEC)","Found Operational. Five (5) items.
(1) 35~60mm SN: 21772573
(2) 18~35mm SN: 900608019
(3) 50~150mm SN: 21759802
(4) 100~160mm SN: 21754736
(5) 160~250mm SN: 22823260",,Operational In Good Condition,,
3119,Mechanical,10/31/2013,1,1,SET,"SKIVER BELT FSK2, FLEXCO (MEC)",,,Operational In Good Condition,,
3120,Mechanical,10/31/2013,1,1,SET,"TOOL APPLICATOR-MSRT-48-AL, FLEXCO (MEC)",,,Operational In Good Condition,,
3349,Mechanical,3/31/2015,1,1,SET,"HYDRAULIC LOCK NUT CYLINDER, BRAND-ENERPAC (MEC)",,,Operational In Good Condition,,
3350,Mechanical,3/31/2015,1,1,SET,"HYDRAULIC LOCK NUT CYLINDER, BRAND-ENERPAC (MEC)",,,Operational In Good Condition,,
3364,Mechanical,3/31/2015,1,1,SET,"HYDRAULIC LOCK NUT CYLINDER, BRAND-ENERPAC (MEC)",,,Operational In Good Condition,,
3365,Mechanical,3/31/2015,1,1,SET,"HYDRAULIC LOCK NUT CYLINDER, BRAND-ENERPAC (MEC)",,,Operational In Good Condition,,
3457,Mechanical,8/31/2015,1,1,UN,THERMOMETER-DUAL FUNCTION INFRARED (MECH),Found Operational. BOSCH GIC 120C. S/N : 132003564,,Operational In Good Condition,,
3458,Mechanical,8/31/2015,1,1,UN,THERMOMETER-DUAL FUNCTION INFRARED (MECH),Found Operational. BOSCH GIC 120C. S/N:02200958,,Operational In Good Condition,,
3459,Mechanical,8/31/2015,1,1,UN,THERMOMETER-DUAL FUNCTION INFRARED (MECH),Found Operational. BOSCH GIS 1000C. S/N:230020764,,Operational In Good Condition,,
3460,Mechanical,8/31/2015,1,1,UN,THERMOMETER-DUAL FUNCTION INFRARED (MECH),Found Operational. BOSCH GIS 1000C. S/N:232021794,,Operational In Good Condition,,
3461,Mechanical,8/31/2015,1,1,UN,THERMOMETER-DUAL FUNCTION INFRARED (MECH),,,Operational In Good Condition,,
3462,Mechanical,8/31/2015,1,1,UN,"CALIPER, VERNIER 300MM, MODEL CN 530-115 (MECH)",Found operational. S/N: 18033201,,Operational In Good Condition,,
3464,Mechanical,8/31/2015,1,1,UN,"CALIPER, VERNIER 300MM, MODEL CN 530-115 (MECH)",Found operational. S/N: 13174411,,Operational In Good Condition,,
3465,Mechanical,8/31/2015,1,1,UN,"CALIPER, VERNIER 300MM, MODEL CN 530-115 (MECH)",Found operational. S/N : 605582332,,Operational In Good Condition,,
3567,Mechanical,1/1/2016,1,1,UN,"GREASE ANALYZER, MODEL: SDM-72 (MEC)",Found Operational. S/N : R200532,,Operational In Good Condition,,
3682,Mechanical,7/31/2017,1,1,UN,"JACK, HYDRAULIC CYLINDER, Model No. CLRG-2006",Found Operational @ Mech Fabrication Area,,Operational In Good Condition,,
3743,Mechanical,2/28/2018,1,1,UN,"CHAIN BLOCK, 5 TON CAP. MOTORIZED LIFTING (MECH)",Found Operational. Two(2) items tagged. S/N : 24934 & 87568,,Operational In Good Condition,,
3811,Mechanical,12/31/2018,1,1,SET,"MONITORING PEN, VIBRATION & TEMP; SKF CMAS100-SL",,,Operational In Good Condition,,
3812,Mechanical,12/31/2018,1,1,SET,"MONITORING PEN, VIBRATION & TEMP; SKF CMAS100-SL",,,Operational In Good Condition,,
3818,Mechanical,12/31/2018,1,1,PC,"CHAIN BLOCK, 10TON CAPX3M LIFT; MODEL:CB-100; KITO",,,Operational In Good Condition,,
3819,Mechanical,12/31/2018,1,1,PC,"CHAIN BLOCK, 10TON CAPX3M LIFT; MODEL:CB-100; KITO",,,Operational In Good Condition,,
3824,Mechanical,12/31/2018,1,1,PC,"CHAIN BLOCK, 15TON CAPX3.5M LIFT; CB-150; KITO",Found Operational. S/N : 769619,,Operational In Good Condition,,
3825,Mechanical,12/31/2018,1,1,PC,"CHAIN BLOCK, 15TON CAPX3.5M LIFT; CB-150; KITO",Found Operational. S/N : 769617,,Operational In Good Condition,,
3826,Mechanical,12/31/2018,1,1,PC,"CHAIN BLOCK, 15TON CAPX3.5M LIFT; CB-150; KITO",Found Operational. S/N : 769620,,Operational In Good Condition,,
3827,Mechanical,12/31/2018,1,1,PC,"CHAIN BLOCK, 15TON CAPX3.5M LIFT; CB-150; KITO",Found Operational. S/N : 667592,,Operational In Good Condition,,
3988,Mechanical,11/30/2020,1,1,UN,MAGNETIC DRILL PRESS; MODEL: DWE1622K,Found Operational; Brand : Dewalt B101,,Operational In Good Condition,,
4059,Mechanical,7/31/2021,1,1,SET,DIGITAL ULTRASONIC THICKNESS GAUGE; OLYMPUS;,Found Operational. S/N : 200869812,,Operational In Good Condition,,
4293,Mechanical,12/31/2023,1,1,PC,"ULTRASONIC THICKNESS GAUGE FOR STEEL,TI45-NA (MEC)",Found Operational. Brand : JFE Advantech ; S/N:0FUP023,,Operational In Good Condition,,
4294,Mechanical,12/31/2023,1,1,PC,"ULTRASONIC THICKNESS GAUGE FOR STEEL,TI45-NA (MEC)",Found Operational. Brand : JFE Advantech ; S/N : 0FUP023,,Operational In Good Condition,,
3071,Mechanical,6/30/2013,1,1,UN,"TOOLS,CALIPER, VERNIER, MITUTOYO, 300MM (MEC)",Found Operational but with Damaged Upper Fixed Internal Jaw .,,Operational In Good Condition,,
3318,Mechanical,12/31/2014,1,1,UN,"REFERENCE KIT, OPTICAL PHASE CMVA 65 (MEC)",Found Operational but with slight issue on wire,,Operational In Good Condition,,
3463,Mechanical,8/31/2015,1,1,UN,"CALIPER, VERNIER 300MM, MODEL CN 530-115 (MECH) ",Found Operational but Damaged Upper Fixed Internal Jaw . S/N: 17157057,,Operational In Good Condition,,
3563,Mechanical,1/1/2016,1,1,UN,"SKF MICROLOG VIBRATION ANALYZER, MODEL: CMXA-75 (M)",Item is under 3rd Party Calibration. Probe was damaged. Issue with program update. *with DELL Laptop,,Undergoing Repair,,
3817,Mechanical,12/31/2018,1,1,SET,"MONITORING PEN, VIBRATION & TEMP; SKF CMAS100-SL ",Found Operational but with Power on/off issue.  S/N : 120253,,Operational In Good Condition,,
3985,Mechanical,10/31/2020,1,1,UN,HYDRAULIC JACK 50-TONS CAP (ENERPAC); STROKE:250MM,Found Damaged @ Mech Tool Room,,Unserviceable,,
4070,Mechanical,8/31/2021,1,1,SET,ULTRASONIC THICKNESS GAUGE;JFE ADVANTECH TI45-NA,Damaged. Broken Cord and Sensor,,Undergoing Repair,,
3820,Mechanical,,1,1,PC,"CHAIN BLOCK, 10TON CAPX3M LIFT; MODEL:CB-100; KITO",,,Operational In Good Condition,,
3821,Mechanical,,1,1,PC,"CHAIN BLOCK, 10TON CAPX3M LIFT; MODEL:CB-100; KITO",,,Operational In Good Condition,,
3822,Mechanical,,1,1,PC,"CHAIN BLOCK, 10TON CAPX3M LIFT; MODEL:CB-100; KITO",,,Operational In Good Condition,,
3823,Mechanical,,1,1,PC,"CHAIN BLOCK, 10TON CAPX3M LIFT; MODEL:CB-100; KITO",,,Operational In Good Condition,,
3986,Mechanical,,1,1,UN,HYDRAULIC JACK 50-TONS CAP (ENERPAC); STROKE:250MM,,,Operational In Good Condition,,
2560,Mechanical,,1,1,PC,Heating Plate for Vulc.Machine 1200mmBW,,,,,
2561,Mechanical,,1,1,PC,Heating Plate for Vulc.Machine 600mmBW,,,,,
2479,Mechanical,,1,1,PC,"Cutter,Plasma,100.120amp.230V,3-Phase",,,,,
2453,Mechanical,,2,2,PC,"Block,Chain,10-ton.cap,Model:CB-10",,,,,
2418,Mechanical,,4,4,PC,Block Chain 3-ton cap. *One (1) item found Unserviceable; Three (3) items Not Found,,,,,
2419,Mechanical,,1,1,PC,Block Chain 5-ton cap.,,,,,
2415,Mechanical,,1,1,PC,Chain Block 10T cap,,,,,
2414,Mechanical,,1,1,PC,Chain Block 5T cap,,,,,
2279,Mechanical,,2,2,PC,Chain Block 15ton cap,,,,,
2991,Mechanical,,1,1,PC,"GAUGE, ULTRASONIC DIG THICKNESS, OLYMPUS (MECH)",,,,,
3124,Mechanical,,1,1,UN,ULTRASONIC GAUGE -  Model  TI-45N (MEC),,,,,
3484,Mechanical,,1,1,UN,CALIPER – ELECTRONIC VERNIER DIGITAL (MEC),,,,,
3813,Mechanical,,1,1,SET,"MONITORING PEN, VIBRATION & TEMP; SKF CMAS100-SL",,,,,
2591,Mechanical,,1,1,PC,Rockwell Hardness Tester,,,,,
2592,Mechanical,,1,1,PC,Portable Hardness Tester,,,,,
2590,Mechanical,,1,1,PC,Atlas Copco Pneumatic Impact Wrench,,,,,
2585,Mechanical,,1,1,PC,Tools for TH Brake 25/40 BS,,,,,
2586,Mechanical,,1,1,PC,Tools for TH Brake 260 BS,,,,,
2587,Mechanical,,1,1,PC,Tools for TH Brake 120 BS,,,,,
2588,Mechanical,,1,1,PC,Tools for TH Brake 40 BS,,,,,
2589,Mechanical,,1,1,PC,Tools for TH Brake 450 BS,,,,,
2583,Mechanical,,4,4,PC,Std. Socket Wrench 1/2 Drive,,,,,
2584,Mechanical,,1,1,PC,Socket Wrench 110mm 2.5 drive,,,,,
2582,Mechanical,,2,2,PC,Impact Wrench,,,,,
2668,Mechanical,,2,2,PC,Lever Hoists 1.5 ton cap.,,,,,
2581,Mechanical,,2,2,PC,35 tonner Screw Jack,,,,,
2580,Mechanical,,2,2,PC,Chain Block 10-ton cap.,,,,,
2579,Mechanical,,1,1,PC,Jaw Bearing Puller 13-ton,,,,,
2578,Mechanical,,1,1,PC,Hydraulic Jack 30-ton cap.,,,,,
2577,Mechanical,,1,1,PC,Chain Block 5-ton cap.,,,,,
2576,Mechanical,,1,1,PC,HD Air Impact Wrench,,,,,
2575,Mechanical,,4,4,PC,Handle Ratchet 500ml 1drive,,,,,
2574,Mechanical,,1,1,PC,Fab. of Belt Conveyor Winding Mach.,,,,,
2573,Mechanical,,2,2,PC,Hydraulic Jack 20T Cap.,,,,,
2572,Mechanical,,2,2,PC,Drill AEG Percussion SB2-16,,,,,
2571,Mechanical,,1,1,PC,Spot Repair Vulcanizing Machine,,,,,
2569,Mechanical,,2,2,PC,Chain Block 5 Ton cap.,,,,,
2570,Mechanical,,1,1,PC,Chain Block 10 ton cap.,,,,,
2568,Mechanical,,2,2,PC,Hydraulic Jack 10 ton cap.,,,,,
2567,Mechanical,,2,2,PC,Oil Jack for Slide Frame 50Ton,,,,,
2566,Mechanical,,1,1,PC,Torque Wrench,,,,,
2565,Mechanical,,1,1,PC,Fab. of BC Winding Machine,,,,,
2563,Mechanical,,1,1,PC,Hydraulic Press Large MEB-2000,,,,,
2564,Mechanical,,1,1,PC,Hydraulic Press Small MEA-600,,,,,
2559,Mechanical,,1,1,PC,Heating Plate for Vulc.Machine 2000mmBW,,,,,
2562,Mechanical,,1,1,PC,Water Bag 2000mm for Belt Vulc.Equipt,,,,,
2557,Mechanical,,5,5,PC,Chain Block 2 Ton Cap.,,,,,
2558,Mechanical,,2,2,PC,Hoist Lever 1.5T Cap.,,,,,
2556,Mechanical,,1,1,PC,Chain Block 2-ton cap.,,,,,
2555,Mechanical,,1,1,PC,Hydraulic Jack 10 ton cap.,,,,,
2554,Mechanical,,1,1,PC,Jack Hyd.HSR-5067 w/ H.Pump RP6BR,,,,,
2552,Mechanical,,1,1,PC,Hydraulic Push/Puller 30 ton,,,,,
2553,Mechanical,,1,1,PC,Jack Hyd.HSR-506T w/ H.Pump,,,,,
2551,Mechanical,,1,1,PC,Smith Oxy/Ace Regulator,,,,,
2550,Mechanical,,2,2,PC,Wrench Erection 32mm,,,,,
2549,Mechanical,,1,1,PC,Cutter Automatic GAS KT-5N,,,,,
2548,Mechanical,,1,1,PC,Fab of BC Winding Machine,,,,,
2546,Mechanical,,3,3,PC,Chain Block 1.5 Ton Cap,,,,,
2547,Mechanical,,1,1,PC,Hoist Coping 1.5 Ton,,,,,
2545,Mechanical,,1,1,PC,Hoist Coping 1.5 Ton,,,,,
2543,Mechanical,,1,1,PC,Tester Tension & Comp'n 4.5kg cap,,,,,
2544,Mechanical,,1,1,PC,Tester Tension & Comp'n 1000g cap,,,,,
2541,Mechanical,,1,1,PC,Power Hacksaw 1/3HP 40x15x30,,,,,
2542,Mechanical,,1,1,PC,Hacksaw Blade (Front & Rear),,,,,
2540,Mechanical,,1,1,PC,Lubricator Yamaha w/ grease nozzle,,,,,
2539,Mechanical,,1,1,PC,Mechanical Puller CG285 Snap-on,,,,,
2538,Mechanical,,1,1,PC,"Lubricator Type:NER 2-5, 2 ltrs",,,,,
2537,Mechanical,,1,1,PC,Alignment System Model ALI-2000,,,,,
2535,Mechanical,,1,1,PC,Welding Machine Hitachi AC-ARC Type,,,,,
2536,Mechanical,,1,1,PC,Welding Machine 220V 500A 43KVA,,,,,
2533,Mechanical,,1,1,PC,Digital Thermometer TMDT1,,,,,
2534,Mechanical,,1,1,PC,Wrench Impact 25mm cap 1drive,,,,,
2532,Mechanical,,2,2,PC,Tools CLF Impeller Hub,,,,,
2531,Mechanical,,1,1,PC,SDK Electric Light Cutter,,,,,
2530,Mechanical,,1,1,PC,Lubricator Oil CS-12,,,,,
2529,Mechanical,,1,1,PC,Oil Changer Asembly,,,,,
2528,Mechanical,,1,1,PC,Lubricator Yamaha 880-I 45HPPH10A45,,,,,
2527,Mechanical,,1,1,PC,Rachet 32 Tooth 3/4 Drive GL72TH,,,,,
2526,Mechanical,,1,1,PC,Weld Fume Extractor Model SRF 2800,,,,,
2667,Mechanical,,1,1,PC,Hoist Lever 1-1/2 cap.Mod L3-312,,,,,
2525,Mechanical,,1,1,PC,Indentor Handheld Impact #316-2,,,,,
2524,Mechanical,,1,1,PC,Gauge Ultrasonic Thickness,,,,,
2523,Mechanical,,1,1,PC,Threader Pipe RIDGID 1/2 Dia,,,,,
2521,Mechanical,,1,1,PC,File Set Snap-on HBN120,,,,,
2522,Mechanical,,1,1,PC,Drill Straight Shank 27mm,,,,,
2520,Mechanical,,1,1,PC,Probe Thermometer TIH 050/100-6,,,,,
2519,Mechanical,,5,5,PC,Block Chain 2-ton cap.,,,,,
2518,Mechanical,,1,1,PC,Lubricator Oil CS-12,,,,,
2515,Mechanical,,1,1,PC,Hydraulic Puller Set Model Master,,,,,
2516,Mechanical,,1,1,PC,Block Chain 2-ton cap,,,,,
2517,Mechanical,,1,1,PC,Hoist Coping 1-1/2 ton cap,,,,,
2514,Mechanical,,5,5,PC,Chain Block 3-tonner,,,,,
2513,Mechanical,,1,1,PC,Thickness Meter(Steel Cord Conv.Belt),,,,,
2510,Mechanical,,4,4,PC,Chain Block 5 Tonner,,,,,
2511,Mechanical,,5,5,PC,Chain Block 2-ton cap,,,,,
2512,Mechanical,,5,5,PC,Hoist Coping 1.5 ton cap,,,,,
2508,Mechanical,,1,1,PC,SKF CMVP 10 Vibration Pen,,,,,
2509,Mechanical,,1,1,PC,SKF Vibration Pen w/ Protective Case,,,,,
2507,Mechanical,,1,2,PC,Grinder Bench Wheel Size 7x1x5/8,,,,,
2666,Mechanical,,1,1,PC,Tamper Handheld Tie Model TT-B2,,,,,
2506,Mechanical,,1,2,PC,Vise Bench (Stationary) Jaw Width 8,,,,,
2505,Mechanical,,1,1,PC,Hoist Lever L4-505 1.5Tons,,,,,
2504,Mechanical,,1,1,PC,"Drill,Electric Magnetic Base",,,,,
2501,Mechanical,,6,6,PC,"Hand Hoist Series 622,3-Ton Cap",,,,,
2502,Mechanical,,6,6,PC,"Lever Tool Series 637,1-1/2Ton Cap",,,,,
2503,Mechanical,,4,4,PC,"Hand Hoist Series 622,2-Ton Cap",,,,,
2500,Mechanical,,1,1,PC,"Hoist,Lever L4-505,1.5 Tons",,,,,
2498,Mechanical,,1,1,PC,"Cylinder,Model:RC 251, 25Tons",,,,,
2499,Mechanical,,1,1,PC,"Cylinder,Model:RC 254, 25Tons",,,,,
2497,Mechanical,,3,3,PC,"Grinder,Portable Straight",,,,,
2495,Mechanical,,1,1,PC,Compression Tester,,,,,
2496,Mechanical,,1,1,PC,Compression Tester,,,,,
2494,Mechanical,,1,1,PC,Compression Tester,,,,,
2490,Mechanical,,1,1,PC,"Hydraulic Jack,20-Ton Cap.",,,,,
2491,Mechanical,,1,1,PC,"Hydraulic Jack,30-Ton Cap.",,,,,
2492,Mechanical,,1,1,PC,"Hydraulic Hand Pump,Model:P-39",,,,,
2493,Mechanical,,1,1,PC,"Hydraulic Hand Pump,Model:P-80",,,,,
2489,Mechanical,,1,1,PC,"Mechanical Puller,Style:3-Jaw",,,,,
2487,Mechanical,,3,3,PC,"Cylinder,25-Ton Cap.M:No RC-254",,,,,
2488,Mechanical,,3,3,PC,"Cylinder,25-Ton Cap.M:RC-251",,,,,
2483,Mechanical,,6,6,PC,"Chain Block, 3-Tonner",,,,,
2484,Mechanical,,9,9,PC,"Coffing Hoist, 1-1/2 Ton Cap.",,,,,
2485,Mechanical,,6,6,PC,"Chain Block, 2-Tonner",,,,,
2486,Mechanical,,6,6,PC,"Chain Block, 5-Tonner",,,,,
2482,Mechanical,,4,4,PC,"Welding Machine,220V,500A,43KVA",,,,,
2662,Mechanical,,1,1,PC,Crimping Tool for Amphenol RJ-45,,,,,
2481,Mechanical,,1,1,PC,"Prime Cut,Ultrathermic Gas Cutting",,,,,
2480,Mechanical,,2,2,PC,"Handle,Socket Ratchet 1 Drive",,,,,
2478,Mechanical,,1,1,PC,"Monitoring Bearing System,SKF CMPS",,,,,
2477,Mechanical,,4,4,PC,"Grinder,180mm,Makita Disc",,,,,
2476,Mechanical,,2,2,PC,"Chain Block,10-Tonner",,,,,
2475,Mechanical,,1,1,PC,Motorized Motor Pump for Vulcanizing,,,,,
2474,Mechanical,,2,2,PC,Dial Gauge Indicator w/Magnetic Base Stand,,,,,
2473,Mechanical,,1,1,PC,"Air Compressor,Energair",,,,,
2470,Mechanical,,1,1,PC,"Spanner,Sledge Hammer,Size=100mm",,,,,
2471,Mechanical,,1,1,PC,"Spanner,Sledge Hammer,Size=90mm",,,,,
2472,Mechanical,,1,1,PC,"Spanner,Sledge Hammer,Size=110mm",,,,,
2469,Mechanical,,1,1,PC,Portable Vulcanizing Machine,,,,,
2468,Mechanical,,1,1,PC,Steel Scaffolding Plate,,,,,
2467,Mechanical,,1,1,PC,"Winch,Electric,Model:Silver Winch",,,,,
2466,Mechanical,,1,1,PC,Dial Gauge Indicator w/Magnet.Base,,,,,
2465,Mechanical,,1,1,PC,"Coupling Assy. Fluid,21HEM-A (32B",,,,,
2464,Mechanical,,1,1,PC,"P.Lathe Mach.,PL1100,Elec.Driven",,,,,
2462,Mechanical,,1,1,PC,"Lathe M.Chuck,Independent,M:K-123",,,,,
2463,Mechanical,,1,1,PC,"Lathe M.Chuck,Scroll,3-Jaws,K-117",,,,,
2461,Mechanical,,2,2,PC,"Coupling Hoist,Lever Block,1-1/2 Tons",,,,,
2460,Mechanical,,4,4,PC,"Chain Block, 1.5 Tons",,,,,
2458,Mechanical,,1,1,PC,"Torque Wrench,Man.Stah.NR730/20",,,,,
2459,Mechanical,,1,1,PC,"Torque Wrench,Man.Stah.73 NM/25",,,,,
2457,Mechanical,,1,1,PC,"Bit,Drill Tin-Coated Solid Carbide",,,,,
2456,Mechanical,,2,2,PC,"Coupling,Hoist,Mini Lever,1.5-Tons",,,,,
2455,Mechanical,,1,1,PC,"Tools, CLF Impeller Hub",,,,,
2452,Mechanical,,8,8,PC,"Block,Chain,3-ton.cap,Model:CB-030",,,,,
2454,Mechanical,,1,1,PC,"Block,Chain,5-ton.cap,Model:CB-050",,,,,
2451,Mechanical,,1,1,PC,"Hydraulic Nut, HMV30;Maker:SKF",,,,,
2449,Mechanical,,6,6,PC,"Hoist,Lever,1.5T;Lift:3M;LBO15;L-4",,,,,
2450,Mechanical,,6,6,PC,"Hoist,Lever,1.5T,Lift:1.5M;LBO15",,,,,
2448,Mechanical,,8,8,PC,"Hoist,Lever;1.5T;Lift:1.5M;LBO15",,,,,
2446,Mechanical,,4,4,PC,"Block, Chain,5-Tons,Model:CB-050",,,,,
2447,Mechanical,,1,1,PC,Belt Edge Vulc'r.w/al.fr;M:ANEV54,,,,,
2445,Mechanical,,3,3,PC,"Pail,Dispenser Luber,Grac.M:225-914",,,,,
2444,Mechanical,,1,1,PC,Durmetal Handy Kit;2.5kg;Dur.Std.A&B,,,,,
2443,Mechanical,,1,1,PC,Pneu.Grease Pump Assy;LincMod:926,,,,,
2440,Mechanical,,6,6,PC,"Grinder,Pn.St;NH6650LW,NPK14,600RPM",,,,,
2441,Mechanical,,4,4,PC,"Grinder,Pneu.St;NH665K,NPK18,000RPM",,,,,
2442,Mechanical,,4,4,PC,"Cutter,Wire Rope;16mmcut.cap;900mmL",,,,,
2438,Mechanical,,1,1,PC,Reducer Feeding Motor #1 PMED-12DA13,,,,,
2439,Mechanical,,1,1,PC,#37 Box Composition Remote Control 20-1261,,,,,
2436,Mechanical,,1,1,PC,Pump Assy Lower PN:800-366,,,,,
2437,Mechanical,,2,2,PC,Plunger PN:801-201,,,,,
2434,Mechanical,,3,3,PC,Grinder Portable Straight Makita,,,,,
2435,Mechanical,,5,5,PC,Grinder Portable Medium,,,,,
2433,Mechanical,,2,2,PC,Prime Cut Ultrathermic Gas Cutting,,,,,
2432,Mechanical,,2,2,PC,Block Wire Rope Double 4.5T,,,,,
2431,Mechanical,,1,1,PC,Gun and Cable Assy for Teromatic,,,,,
2430,Mechanical,,1,1,PC,Snatchblock HD All Purpose,,,,,
2429,Mechanical,,4,4,PC,Socket Wrench 1/2 8MM-36MM,,,,,
2428,Mechanical,,3,3,PC,Prime Cut Ultrathermic Gas Cutting,,,,,
2427,Mechanical,,2,2,PC,"Snatchblock, wire rope 6.5T cap.",,,,,
2426,Mechanical,,1,1,PC,Mits. 6DR5 Engine/K65 engine/6DR14,,,,,
2425,Mechanical,,1,1,PC,O-Ring Sizing Cone w/ PI tape,,,,,
2424,Mechanical,,1,1,PC,Calipher Digital Stainless Steel,,,,,
2423,Mechanical,,1,1,PC,Aircompressor EnergyAir,,,,,
2422,Mechanical,,1,1,PC,Gun and Cable Assy for Teromatic,,,,,
2665,Mechanical,,1,1,PC,Elec.Planner 4 Makita Brand,,,,,
2664,Mechanical,,1,1,PC,"Threader Assy, Pipe 3",,,,,
2421,Mechanical,,3,3,PC,Ultrasonic Thickness Gauge,,,,,
2663,Mechanical,,1,1,PC,Jack Hammer w/ pointed blade,,,,,
2420,Mechanical,,1,2,PC,Piston Tools Set#8,,,,,
2417,Mechanical,,2,2,PC,Block Chain 2-ton cap.,,,,,
2416,Mechanical,,4,4,PC,Coupling Hoist Lever Block 1 1/2 ton cap.,,,,,
2413,Mechanical,,2,2,PC,Chain Block 3T cap,,,,,
2272,Mechanical,,1,1,PC,Plasma Torch Head,,,,,
2269,Mechanical,,1,1,PC,POSI Lock Hydraulic Grip Puller,,,,,
2264,Mechanical,,1,1,PC,Magnetic base accelator for SKF,,,,,
2287,Mechanical,,1,1,PC,Demolition Hammer BH40F,,,,,
2286,Mechanical,,1,1,PC,Hand Tap M48,,,,,
2284,Mechanical,,1,1,PC,Separator Model U53T3,,,,,
2285,Mechanical,,1,1,PC,Pulling Kit Model U-53J1,,,,,
2282,Mechanical,,2,2,PC,Pneumatic Grease Pump,,,,,
2294,Mechanical,,1,1,PC,Calipher Digital,,,,,
2292,Mechanical,,3,3,PC,Ultrasonic Thickness Gauge,,,,,
2325,Mechanical,,5,5,PC,Dial Gauge Indicator,,,,,
2323,Mechanical,,2,2,PC,Drill Bit 50mm Dormer,,,,,
2327,Mechanical,,1,1,PC,Portable Electric Mixer,,,,,
2321,Mechanical,,3,3,PC,Infrared Thermometer (non-contact),,,,,
2326,Mechanical,,2,2,PC,Drill Bit 45mm Dormer,,,,,
2314,Mechanical,,1,1,PC,Gun & Cable Assy for Teromatic,,,,,
2315,Mechanical,,1,1,PC,Upgraded Laser Shaft Alignment Tool,,,,,
2306,Mechanical,,4,4,PC,"Magnetic Stand, Universal #7015",,,,,
2333,Mechanical,,1,1,PC,Repair Kit for Pneumatic Grease Pump,,,,,
2332,Mechanical,,1,1,PC,Gun & Cable Assy-for Teromatic,,,,,
2337,Mechanical,,1,1,SET,Maintenance tools,,,,,
2336,Mechanical,,2,2,PC,Gun and Cable Assy for Teromatic,,,,,
2338,Mechanical,,1,1,PC,Portable Grease Gun Battery Operated,,,,,
2341,Mechanical,,5,5,PC,Hydraulic Jack Brand:Hydrotec,,,,,
2340,Mechanical,,2,2,PC,"Valve, High Pressure Model 740",,,,,
2339,Mechanical,,2,2,PC,"Blower, Handheld Portable Electric",,,,,
2895,Mechanical,,1,1,UN,"GRINDER,ANGLE 125MMDIA MODEL:9005B (MEC)",,,,,
2896,Mechanical,,1,1,UN,"GRINDER,ANGLE 125MMDIA MODEL:9005B (MEC)",,,,,
2931,Mechanical,,1,1,PC,"COUPLING HOIST, LEVERBLOCK 1-1/12TON (MEC)",,,,,
2932,Mechanical,,1,1,PC,"COUPLING HOIST, LEVERBLOCK 1-1/12TON (MEC)",,,,,
2933,Mechanical,,1,1,PC,"COUPLING HOIST, LEVERBLOCK 1-1/12TON (MEC)",,,,,
2934,Mechanical,,1,1,PC,"COUPLING HOIST, LEVERBLOCK 1-1/12TON (MEC)",,,,,
2961,Mechanical,,1,1,PC,"HAMMER, SLEDGE, PROTO USA 1437-G, SIZE 32 (MECH)",,,,,
2962,Mechanical,,1,1,PC,"WRENCH, SLEDGE HAMMER RING-END, 32 MM (MECH)",,,,,
2963,Mechanical,,1,1,PC,"WRENCH, SLEDGE HAMMER RING-END, 36 MM (MECH)",,,,,
2964,Mechanical,,1,1,PC,"WRENCH, SLEDGE HAMMER RING-END, 41 MM (MECH)",,,,,
2965,Mechanical,,1,1,PC,"WRENCH, SLEDGE HAMMER RING-END, 50 MM (MECH)",,,,,
3046,Mechanical,,1,1,UN,"DETECTOR, MULTI-GAS, PORTABLE PERSONAL, TETRA 3",,,,,
3062,Mechanical,,1,1,UN,"TOOLS, CUTTING OUTFIT OXY/ACE, ASSEMBLY (MEC)",,,,,
3080,Mechanical,,1,1,UN,"TOOLS, CUTTING OUTFIT OXY/ACE, ASSEMBLY (MEC)",,,,,
3125,Mechanical,,1,1,UN,ULTRASONIC GAUGE -  Model  TI-45N (MEC),,,,,
3268,Mechanical,,1,1,UN,"TEMPERATURE SENSOR, MODEL PT100 (ELE)",,,,,
3290,Mechanical,,1,1,UN,"GAUGE, ULTRASONIC DIG THICKNESS FOR BC (MEC)",,,,,
3351,Mechanical,,1,1,SET,"HYDRAULIC LOCK NUT CYLINDER, BRAND-ENERPAC (MEC)",,,,,
3352,Mechanical,,1,1,SET,CUTTING OUTFIT ASSY FOR OXY/ACE (MEC),,,,,
3353,Mechanical,,1,1,SET,CUTTING OUTFIT ASSY FOR OXY/ACE (MEC),,,,,
3354,Mechanical,,1,1,SET,CUTTING OUTFIT ASSY FOR OXY/ACE (MEC),,,,,
3355,Mechanical,,1,1,SET,CUTTING OUTFIT ASSY FOR OXY/ACE (MEC),,,,,
3356,Mechanical,,1,1,SET,CUTTING OUTFIT ASSY FOR OXY/ACE (MEC),,,,,
3357,Mechanical,,1,1,SET,CUTTING OUTFIT ASSY FOR OXY/ACE (MEC),,,,,
3358,Mechanical,,1,1,SET,CUTTING OUTFIT ASSY FOR OXY/ACE (MEC),,,,,
3359,Mechanical,,1,1,SET,CUTTING OUTFIT ASSY FOR OXY/ACE (MEC),,,,,
3386,Mechanical,,1,1,UN,"SENSOR TEMPERATURE, PT100 EK3230007 (MECH)",,,,,
3387,Mechanical,,1,1,UN,"SENSOR TEMPERATURE, PT100 EK3230007 (MECH)",,,,,
3406,Mechanical,,1,1,UN,GRINDER ANGLE 125mm DIA-BRAND MAKITA (MECH),,,,,
3407,Mechanical,,1,1,UN,GRINDER ANGLE 125mm DIA-BRAND MAKITA (MECH),,,,,
3408,Mechanical,,1,1,UN,GRINDER ANGLE 125mm DIA-BRAND MAKITA (MECH),,,,,
3814,Mechanical,,1,1,SET,"MONITORING PEN, VIBRATION & TEMP; SKF CMAS100-SL",,,,,
3815,Mechanical,,1,1,SET,"MONITORING PEN, VIBRATION & TEMP; SKF CMAS100-SL",,,,,
3816,Mechanical,,1,1,SET,"MONITORING PEN, VIBRATION & TEMP; SKF CMAS100-SL",,,,,
,,,,0,,,,,,,
2604,Material Handling,12/31/1986,1,1,PC,Crocodile Jack 5-ton cap.,,,,,
2639,Material Handling,10/18/1996,1,1,PC,"Vise,Bench (Stationary) Jaw Wid",,,,,
2283,Material Handling,4/26/2002,1,1,PC,Compressor Head SSCI Ingersol-Rand,Location: Unloader 2,,,,
2309,Material Handling,8/12/2004,1,1,PC,Mechanical Puller 3 Jaws,,,,,
3796,Material Handling,10/31/2018,1,1,PC,NITROGEN CHARGING GROUP; MODEL:CGAE-4;BRAND:HARRIS,,,,,
4147,Material Handling,8/31/2022,1,1,PC,"PORTABLE SLURRY/ENGINE DRIVEN PUMP (ATLAS COPCO),",Location: near South Settling Pond,,,,
4175,Material Handling,12/31/2022,1,1,PC,PORTABLE SLURRY/ENGINE DRIVEN PUMP CAPEX#200298,Location: near South Settling Pond,,,,
4289,Material Handling,12/31/2023,1,1,PC,"BATTERY CHARGER, REGULATED 30AMPS 24VDC 440VAC",Location : PSC Barge,,,,
3456,Material Handling,8/31/2015,1,1,UN,SOLDERING GUN – MODEL WELLER 8100UD 100W (MTH),,,,,
3411,Material Handling,6/30/2015,1,1,UN,INDUCTIVE PROXIMITY SENSOR – AC SWITCH  (ELE),,,,,
3621,Material Handling,12/31/2016,2,2,UN,"SENSOR: WIND MONITOR – HD, MODEL 05108 (MTH)",,,,,
3622,Material Handling,12/31/2016,2,2,UN,"METEOROLOGICAL TRANSLATOR, MODEL 26800 (MTH)",,,,,
3625,Material Handling,12/31/2016,1,1,UN,RIELLO UNINTERRUPTIBLE POWER SUPPLY (UPS) - ELE,,,,,
3626,Material Handling,12/31/2016,1,1,UN,RIELLO UNINTERRUPTIBLE POWER SUPPLY (UPS) - ELE,,,,,
4179,Material Handling,12/31/2022,1,1,PC,"BATTERY CHARGER, REGULATED 30AMPS 24VDC",,,Undergoing Repair,,
2608,Material Handling,,1,1,PC,Caterpillar Hydraulic Hose Press,,,,,
2641,Material Handling,,1,1,PC,"Welding Machine,220V,500A,43KVA",,,,,
2330,Material Handling,,1,1,PC,Air Compressor 2HP,,,,,
3094,Material Handling,,1,1,UN,"GRINDER, MAKITA BRAND (MTH)",,,,,
3193,Material Handling,,1,1,UN,"GRINDER, DC411KA-DEWALT BRAND (MTH)",,,,,
3249,Material Handling,,1,1,UN,"BATTERY CHARGER, BRAND - CRESTON (MTH)",,,,,
3446,Material Handling,,1,1,UN,"ANGLE GRINDER, BRAND-MAKITA, MODEL – N9500N (MTH)",,,,,
2905,Material Handling,,1,1,UN,"PORTABLE GAS DETECTOR, CROWCON TEERA 3 (MTH)",,,,,
2607,Material Handling,,1,1,PC,Hydraulic Handpump (ZD2825),,,,,
2602,Material Handling,,1,1,PC,Hydraulic Wire Cutter 700 kg/cm2,,,,,
2621,Material Handling,,2,2,PC,Block Snatch 8-ton cap 150,,,,,
2622,Material Handling,,2,2,PC,Block Snatch 8-ton cap 150,,,,,
2601,Material Handling,,1,1,PC,Bench Vise Adjustable Jaw Swivel,,,,,
2600,Material Handling,,1,1,PC,Hydraulic Wire Cutter 700 kg/cm2,,,,,
2619,Material Handling,,4,4,PC,Jack Hydraulic 5-ton cap,,,,,
2620,Material Handling,,4,4,PC,Jack Hydraulic 5-ton cap,,,,,
2617,Material Handling,,2,2,PC,Block Snatch Model:NG-1602 Sheave,,,,,
2618,Material Handling,,2,2,PC,Block Snatch Model:NG-1602 Sheave,,,,,
2599,Material Handling,,1,1,PC,Air Compressor Model H5-20,,,,,
2598,Material Handling,,1,1,PC,Machinist Vise Swivel Base,,,,,
2616,Material Handling,,1,1,PC,Yamada Air Power Pump,,,,,
2595,Material Handling,,1,1,PC,Special Tool for Friction Type,,,,,
2596,Material Handling,,0,0,-,Add'l.Cost:Special Tool for Friction,,,,,
2645,Material Handling,,1,1,PC,"Chain Block, 3-Tonner",,,,,
2615,Material Handling,,2,2,PC,"Hoist,Lever,L4-505,1.5 Tons",,,,,
2644,Material Handling,,1,1,PC,"Chain Block, 5-Tonner",,,,,
2643,Material Handling,,2,2,PC,"Caliper,VernierMitotuyo#2198-2",,,,,
2614,Material Handling,,1,1,PC,"Disc Grinder,125mm Dia.220V,1020W",,,,,
2642,Material Handling,,2,2,PC,"Hoist,Coffing,1-1/2 Ton Cap.",,,,,
2594,Material Handling,,1,1,PC,"Pump,Grease Lubricator,Lincoln",,,,,
2613,Material Handling,,1,1,PC,"Swivel Base Util.Bench Vise,Jaw",,,,,
2640,Material Handling,,1,1,PC,"Washer,High Pressure Hot & Cold",,,,,
2610,Material Handling,,4,4,PC,"Hoist,Chain,1-Ton,PWB Anchor C-010",,,,,
2611,Material Handling,,1,1,PC,"Hoist,Lever,L4-505,1.5-Tons",,,,,
2612,Material Handling,,1,1,PC,"Hoist,Chain,2-Tons,PWB Anchor",,,,,
2638,Material Handling,,1,1,PC,"Wrench,Dig.Torq.3/4D;100-600lbs.",,,,,
2609,Material Handling,,2,2,PC,"Hoist,Lever,L4-505,1.5Ton,Vitac Jap.",,,,,
2637,Material Handling,,1,1,PC,"Pump,Air Ope.Grease,HP,Linc.M:926",,,,,
2635,Material Handling,,1,1,PC,"Drill,Press,12-Speed,3/4 cap(20mm)",,,,,
2634,Material Handling,,1,1,PC,Grinder Die Model 906H Makita,,,,,
2630,Material Handling,,1,1,PC,Wrench Rachet 1Drive,,,,,
2631,Material Handling,,1,1,PC,Wrench Rachet 1Drive,,,,,
2632,Material Handling,,1,1,PC,Wrench Rachet 1Drive,,,,,
2633,Material Handling,,1,1,PC,Wrench Rachet 1Drive,,,,,
2628,Material Handling,,1,1,PC,Electric Hand Drill 6301 220V,,,,,
2629,Material Handling,,1,1,PC,Bench Grinder 3/4 HP Block & Decker,,,,,
2627,Material Handling,,1,1,PC,Coffing Hoist 1.5 Ton Cap.,,,,,
2626,Material Handling,,2,2,PC,Wrench Torque 300ft/lb 3/4 drv,,,,,
2623,Material Handling,,1,1,PC,Block Snatch 8 Tons,,,,,
2624,Material Handling,,2,2,PC,Block Snatch 8 Tons,,,,,
2276,Material Handling,,1,1,PC,Ginder Angle Makita Model 90,,,,,
2278,Material Handling,,2,2,PC,Grinder Disc 125mmD 220V 1020W,,,,,
2317,Material Handling,,1,1,PC,Standard Ratchet Handle 1-in. drive,,,,,
2320,Material Handling,,2,2,PC,Standard Ratchet Handle 1-in. drive,,,,,
2312,Material Handling,,2,2,PC,Hoist Lever 1.5T cap. Model L4,,,,,
2757,Material Handling,,1,1,PC,"Inflatable Raft, brand new",,,,,
2812,Material Handling,,1,1,PC,10C-027-B80-MTH INFLATABLE LIFE RAFT,,,,,
3077,Material Handling,,1,1,UN,"TOOLS, CUTTING OUTFIT OXY/ACE, ASSEMBLY (Y&B)",,,,,
3391,Material Handling,,1,1,UN,CUTTING OUTFIT ASSY FOR OXY/ACE (MTH),,,,,
3404,Material Handling,,1,1,UN,CUTTING OUTFIT ASSY FOR OXY/ACE (MTH),,,,,
,,,,0,,,,,,,
3042,Planning Civil,4/30/2013,1,1,UN,"LADDER, FIBERGLASS, EXT., ROVER LCS 430 GFA 14'/25",Found @ PSC Clubhouse. In Good Condition. Return to PSC Sinter Plant.,,Operational In Good Condition,,
3875,Planning Civil,6/30/2019,4,4,SET,ELECTRICAL RAIL TIE TAMPER; CAPEX NO. 200201 (1 ITEM Damaged - TO RETAIN AS SPARE),Four (4) units were found @ SANKYU. One (1) unit - DAMAGED and RETAINED as spare. Three (3) units OPERATIONAL and IN GOOD CONDITION. Brand: RAILMAN IT450E,,Operational In Good Condition,,
4120,Planning Civil,1/31/2022,1,1,UN,DIAMOND CORING TOOL DD120; HILTI; CAPEX200297,Found @ Civil Shop. Two (2) items tagged. In Good Condition. Brand: HILTI / Model : DD120 / SN : 035745 / Accessory : HILTI DWP 10 - Tagged as Asset 4120 (2),,Operational In Good Condition,,
2349,Planning Civil,,1,1,PC,Circular Saw Makita Brand,,,,,
2273,Planning Civil,,1,1,PC,Diamond Blade Cutter 18,,,,,
2297,Planning Civil,,2,2,PC,Rotary Hammer PR-38E,,,,,
,,,,0,,,,,,,
2507,Powerplant,1/14/1993,1,2,PC,Grinder Bench Wheel Size 7x1x5/8,"Found @ Powerhouse. Serviceable. Brand/Model: Black & Decker 6820, SN: 9613, 3/4 HP 8"" Bench Grinder",,Operational In Good Condition,,
2420,Powerplant,3/21/2000,1,2,PC,Piston Tools Set#8,Found @ Powerhouse. Serviceable. 5pc set,,Operational In Good Condition,,
2922,Powerplant,6/30/2012,1,1,PC,"FLOWMETER, BUNKER,  EG LS5676-400A, OVAL FLOWPET","Found @ DF. Serviceable. Brand/SN: Oval Flowpet/ LS5376-212 A; Bore Size: 40mm, Max Temp: 120°C",,Operational In Good Condition,,
3146,Powerplant,12/31/2013,1,1,UN,"SENSOR,RESISTANCE TEMPERATURE DETECTOR (RTD), ELE",Found @ condeser inlet. Serviceable. TE605A,,Operational In Good Condition,,
3274,Powerplant,8/1/2014,1,1,SET,VIBROCONTROL 1500 - VIBRATION MONITORING  (ELE),Found @ SHR condenser (front). Serviceable. Brand/SN: Brüel & Kjær Vibro/ 00001098,,Operational In Good Condition,,
3275,Powerplant,8/1/2014,1,1,SET,VIBROCONTROL 1500 - VIBRATION MONITORING  (ELE),Found @ SHR condenser (front). Serviceable. Brand/SN: Brüel & Kjær Vibro/ 00001097,,Operational In Good Condition,,
3276,Powerplant,8/1/2014,1,1,SET,VIBROCONTROL 1500 - VIBRATION MONITORING  (ELE),Found @ SHR condenser (side). Serviceable. Brand/SN: Brüel & Kjær Vibro/ 00001099,,Operational In Good Condition,,
3277,Powerplant,8/1/2014,1,1,SET,VIBROCONTROL 1500 - VIBRATION MONITORING  (ELE),Found @ SHR condenser (side). Serviceable. Brand/SN: Brüel & Kjær Vibro/ 00006553,,Operational In Good Condition,,
3316,Powerplant,11/30/2014,1,1,UN,"VISE, BENCH JAW 10”x 12” (MTH)",Found @ SHR TG. Serviceable. Brand: S-KS-TOOLS,,Operational In Good Condition,,
3765,Powerplant,5/31/2018,1,1,PC,BATTERY CHARGER 20AMPS 110VDC,Found @ Boiler 2nd floor. Serviceable. 110V DC System (BDCS),,Operational In Good Condition,,
4214,Powerplant,6/30/2023,1,1,UN,"PH METER, HANDHELD ULTRAMETER II, CAPEX#200309",Found @ SHR TG. Serviceable (new). Brand/SN: Myron/ 6288222; found the same unit (old) with SN: 6246755,,Operational In Good Condition,,
4262,Powerplant,11/30/2023,1,1,SET,"CHARGING DEVICE, N2 GAS ACCUMULATOR (SHR TURBINE)",Found @ SHR TG 2nd floor. Serviceable. 3 pc set with spare gauge. Place inside MECH tool locker. ,,Operational In Good Condition,,
4292,Powerplant,12/31/2023,1,1,SET,"WRENCH, TORQUE RATCHET 7/16"" SOCKET 38NM",Found @ Mech Office. Serviceable. Brand/SN: Tohaichi/ 101706P. Used for boiler only by MECH. ,,Operational In Good Condition,,
3345,Powerplant,2/28/2015,1,1,SET,"GASKET PUNCHER , FACOM BRAND – 1 SET (MTH) ",Found @ SHR. Serviceable with issue (incomplete set); frequent user is MTH,,Operational In Good Condition,,
4064,Powerplant,7/31/2021,1,1,SET,"DRUM PUMP,PORTABLE ROTARY PERSTALTIC (SHR REV.OS.) ",Found @ Mech Fabrication. Nonserviceable - under repair by MECH. ,,Undergoing Repair,For Discussion,
3272,Powerplant,8/1/2014,1,1,SET,VIBROCONTROL 1500 - VIBRATION MONITORING  (ELE),Unverified by IA,,,On-going Verification by Department,
3273,Powerplant,8/1/2014,1,1,SET,VIBROCONTROL 1500 - VIBRATION MONITORING  (ELE),Unverified by IA,,,On-going Verification by Department,
3292,Powerplant,,1,1,UN,"CUTTING OUTFIT ASSY, FOR OXY/ACE (PPL)",,,,,
2906,Powerplant,,1,1,UN,"PORTABLE GAS DETECTOR, CROWCON TEERA 3 (PPL)",,,,,
2506,Powerplant,,1,2,PC,Vise Bench (Stationary) Jaw Width 8,,,,,
3078,Powerplant,,1,1,UN,"pH CONDUCTIVITY METER, MODEL NO. HI 98129 (SHR)",,,,,
,,,,0,,,,,,,
2678,Sinter,12/31/1994,1,1,PC,Bench Grinder,Found @ Roller Shop. Serviceable.,,Operational In Good Condition,,
2674,Sinter,12/27/1997,1,1,PC,"Pump Assy,Automa.Barrel;M:BA-23H-40",Found @ SNT ground floor. Serviceable. Brand: Hitachi/ D1528221 (2pc set),,Operational In Good Condition,,
3095,Sinter,8/29/2013,1,1,UN,"VISE, BENCH JAW (BLM)","Found @ BLM-K1, 3rd Floor. Serviceable. Jaw width: 10""",,Operational In Good Condition,,
3451,Sinter,8/31/2015,1,1,UN,"DISC GRINDER, BRAND – MAKITA, MODEL - N9500N (SNT)","Found @ Roller shop. Serviceable. Brand/SN: Makita/31244, Model: 9005N (different model), 25 mm diameter",,Operational In Good Condition,,
3535,Sinter,12/31/2015,1,1,UN,"CALIPER, VERNIER 300MM, MITUTOYO  (SNT)",Found @ SNT Office. Serviceable. Brand/SN: Mitutoyo/ 13174401,,Operational In Good Condition,,
3771,Sinter,6/30/2018,1,1,UN,AIR LEAK VIEWER EQUIPMENT MODEL:MK-750,Found @ SNT Office. Serviceable. Brand/SN: JFE Advantech/ OB07020,,Operational In Good Condition,,
4077,Sinter,9/30/2021,1,1,SET,MOISTURE ANALYZER (METTLERTOLEDO)HC1013/01@ SNT-OC,Found @ SNT OC. Serviceable. Brand/SN: Mettler Toledo/ C126037321; Model: HC103,,Operational In Good Condition,,
4139,Sinter,7/31/2022,1,1,SET,MOISTURE ANALYZER (METTLERTOLEDO)HC1013/01@ CFW,Found @ CFW-106. Serviceable. Brand/SN: Mettler Toledo/ C140677878; Model: HC103,,Operational In Good Condition,,
2343,Sinter,,1,1,PC,"Washer, High Pressure",,,,,
3263,Sinter,,1,1,UN,"GRASS CUTTER – 2-STROKE, MODEL TD40 (SNT)",,,,,
3495,Sinter,,1,1,UN,UNINTERRUPTIBLE POWER SUPPLY (UPS) FOR BLP/HLP-ELE,,,,,
2681,Sinter,,2,2,PC,Thermocouple PR,,,,,
2680,Sinter,,1,1,PC,Wrench Power Single Drum Type MF-30,,,,,
2679,Sinter,,1,1,PC,Bench Beam Weighing Scale 150 kg,,,,,
2677,Sinter,,1,1,PC,"Threader,Pipe Rigid Drop Head Ratio",,,,,
2676,Sinter,,1,1,PC,"Grinder,De Luxe Bench:Thickness=1",,,,,
2675,Sinter,,3,3,PC,"Hoist,Electric,1-T,M:010L;3-Phase",,,,,
2361,Sinter,,1,1,PC,Calibrator Portable CA-100 255701-U3,,,,,
2362,Sinter,,2,2,PC,Digital Multimeter Model 7544-02 M7P7090,,,,,
2673,Sinter,,1,1,PC,Chain Block 2T Cap,,,,,
2672,Sinter,,1,1,PC,HD Pipe Cutter #6-S Cap.4-6,,,,,
2671,Sinter,,1,1,PC,Impact Wrench 1 Sq.Drv.1,,,,,
2670,Sinter,,1,1,PC,Pipe Wrench 36L,,,,,
2271,Sinter,,15,15,PC,Winches Totally Enclosed Single,,,,,
2266,Sinter,,1,1,PC,Welding Machine Portable 300A,,,,,
2277,Sinter,,2,2,PC,Chipping Hammer (Electric Type),,,,,
2302,Sinter,,1,1,PC,Precision Flat Lever N0701,,,,,
2296,Sinter,,1,1,PC,Sewing Machine NP-7A,,,,,
2328,Sinter,,7,7,PC,Chipping Hammer Elect Type,,,,,
2316,Sinter,,2,2,PC,Chipping Hammer (elect.type),,,,,
2318,Sinter,,2,2,PC,Chipping Hammer (elect.type),,,,,
2335,Sinter,,1,1,PC,Industrial Vacuum Cleaner,,,,,
2342,Sinter,,1,1,PC,Air Blower 12V,,,,,
2923,Sinter,,1,1,PC,"FLOWMETER,BUNKER,  EG LS5276-400A, OVAL FLOWPET",,,,,
2940,Sinter,,1,1,PC,"DETECTOR, MULTI GAS, PORTABLE , MODEL:TETRA3 (SNT)",,,,,
3068,Sinter,,1,1,UN,"TOOLS, VICTOR WELDING&CUTTING OUTFIT ASSY (SNT)",,,,,
3104,Sinter,,1,1,UN,LIFTING TOOL - SIMPLEX HYDRAULIC JACK (MEC),,,,,
3105,Sinter,,1,1,UN,LIFTING TOOL - SIMPLEX HYDRAULIC JACK (MEC),,,,,
3178,Sinter,,1,1,UN,"CUTTING OUTFIT ASSY, FOR OXY/ACE (SNT)",,,,,
3269,Sinter,,1,1,UN,"CUTTING OUTFIT ASSY FOR OXY/ACE, CIGWELD  (SNT)",,,,,
3291,Sinter,,1,1,UN,"FLOWMETER, OVAL FLOWPET 22MM FOR KILN 1 (ELE)",,,,,
3388,Sinter,,1,1,UN,"FLOWMETER, OVAL FLOWPET EG (ELE)",,,,,
3393,Sinter,,1,1,SET,"PYROMETER, PYROSPOT DG-54N (ELE)",,,,,
3405,Sinter,,1,1,UN,CUTTING OUTFIT ASSY FOR OXY/ACE (SNT),,,,,
3449,Sinter,,1,1,UN,"INVERTER, POWERFLEX 525 – BRAND ALLEN BRADLEY (ELE",,,,,
3450,Sinter,,1,1,UN,"INVERTER, POWERFLEX 525 – BRAND ALLEN BRADLEY (ELE",,,,,
3447,Sinter,,1,1,UN,"HAMMER, JACK ELECTRIC, BRAND – DEWALT (SNT)",,,,,
3448,Sinter,,1,1,UN,"HAMMER, JACK ELECTRIC, BRAND – DEWALT (SNT)",,,,,
3531,Sinter,,1,1,UN,"LADDER FIBER GLASS EXTENSION, CRESTON (SNT)",,,,,
,,,,,,,,,,,
2408,Warehouse,11/18/1988,1,,PC,Hydraulic Jack 5 ton cap.,Found @ WHSE 1. Operational. CAPACITY : 500T,,Operational In Good Condition,,
2412,Warehouse,,1,,PC,Foot Operated Hydraulic Lift Truck,,,,,
2411,Warehouse,,1,,PC,Combination Hand/Lift Truck,,,,,
2280,Warehouse,,1,,PC,Weighing Scale 500g cap,,,,,
3041,Warehouse,,1,,UN,"CUTTING OUTFIT, OXY/ACE (WHSE)",,,,,
2300,Warehouse,,1,,PC,Sewing Machine UP-7A,,,,,
2295,Warehouse,,1,,PC,Grasscutter Model FS-85 Stihl,,,,,
2290,Warehouse,,2,,PC,Weighing Scale 550g cap,,,,,
,,,,,,,,,,,
,,,,,,,,,,,
,,,,,,,,,,,
,,,,,,,,,,,
,,,,,,,,,,,
,,,,,,,,,,,
,,,,,,,,,,,
,,,,,,,,,,,
,,,,,,,,,,,
,,,,,,,,,,,
,,,,,,,,,,,
,,,,,,,,,,,
,,,,,,,,,,,
,,,,,,,,,,,
,,,,,,,,,,,
,,,,,,,,,,,
,,,,,,,,,,,
,,,,,,,,,,,
